episode,total_request,average_latency,average_reject_conservation,average_reject_low_power,average_reject_overload,average_rewards
0,719.0,0.16935914537181593,0.0,0.24339360222531292,0.008344923504867872,0.2401840381543711
1,754.0,0.16146522066552124,0.0,0.2612732095490716,0.014588859416445624,0.23974226903791881
