episode,total_request,average_latency,average_reject_conservation,average_reject_low_power,average_reject_overload,average_rewards
0,719.0,0.2838795333505403,0.0,0.17107093184979139,0.19471488178025034,-0.2174244136816621
1,754.0,0.029426402500955493,0.0,0.0,0.9297082228116711,-0.017987430314537593
