episode,total_request,average_latency,average_reject_conservation,average_reject_low_power,average_reject_overload,average_rewards
1,719.0,0.16594930922787623,0.009735744089012517,0.23783031988873435,0.008344923504867872,0.2462410848337563
