episode,total_request,average_latency,average_reject_conservation,average_reject_low_power,average_reject_overload,average_rewards
0,719.0,0.18606359672544506,0.11543810848400557,0.17107093184979139,0.006954102920723227,0.14834606656914406
1,754.0,0.17703883844553037,0.10344827586206896,0.1883289124668435,0.01989389920424403,0.15721239713025204
2,719.0,0.19048888035066885,0.10570236439499305,0.17107093184979139,0.009735744089012517,0.1420243186141963
3,754.0,0.18037310069847814,0.09151193633952255,0.1883289124668435,0.026525198938992044,0.1525146501592077
