{"n_reject_low_power": 142.0, "n_reject_conservation": 76.0, "n_reject_high_latency": 17.0, "total_latency": 132.6122935965004, "n_total_request": 754.0, "day_rewards": 121.16311921049903}