{"n_reject_low_power": 130.0, "n_reject_conservation": 74.0, "n_reject_high_latency": 17.0, "total_latency": 135.95498748523573, "n_total_request": 748.0, "day_rewards": 119.13503754429279}