{"n_reject_low_power": 123.0, "n_reject_conservation": 72.0, "n_reject_high_latency": 12.0, "total_latency": 138.0060905123039, "n_total_request": 723.0, "day_rewards": 101.98172846308812}