{"n_reject_low_power": 120.0, "n_reject_conservation": 80.0, "n_reject_high_latency": 28.0, "total_latency": 141.73041955026883, "n_total_request": 753.0, "day_rewards": 99.80874134919351}