{"n_reject_low_power": 142.0, "n_reject_conservation": 67.0, "n_reject_high_latency": 13.0, "total_latency": 137.73193927206444, "n_total_request": 754.0, "day_rewards": 118.80418218380652}